id,title,desc,date,source,url,category
1,JTR Berikan Diskon 50% untuk Pengiriman APD , Di tengah pandemi virus covid19 yang terjadi di Indonesia saat ini JNE memberikan diskon biaya kirim Alat Pelindung Diri (APD) sebesar 50% dengan menggunakan layanan JNE Trucking (JTR).,2020-04-16 00:44:00,Gatra.com,https://www.gatra.com/detail/news/475719/ekonomi/jtr-berikan-diskon-50-untuk-pengiriman-apd-,Ekonomi
2,BI 7 Day Reverse Repo Rate Tetap 450% ,Rapat Dewan Gubernur (RDG) Bank Indonesia pada 13 sampai 14 April 2020 memutuskan untuk mempertahankan BI 7Day Reverse Repo Rate (BI7DRR) sebesar 450% suku bunga Deposit Facility sebesar 375% dan suku bunga Lending Facility sebesar 525%. Keputusan mempertahankan suku bunga kebijakan ini adalah yang pertama dalam tiga bulan terakhir setelah penurunan suku bunga pada Februari dan Maret 2020 masingmasing sebesar 25 bps itu disampaikan Kepala Perwakilan Bank Indonesia Provinsi Bali Trisno NugrohoRabu(154) di Renon Kota Denpasar Provinsi Bali.,2020-04-16 06:07:00,Gatra.com,https://www.gatra.com/detail/news/475733/ekonomi/bi-7-day-reverse-repo-rate-tetap-450-,Ekonomi
3,Ketersediaan Pasokan Listrik Krusial Cegah Penyebaran Corona, Kebutuhan listrik di tengah pandemi dan pascapandemi menjadi hal yang krusial. Berbagai penanganan medis dan nonmedis untuk pencegahan penyebaran covid19 serta terjaminnya proses berkegiatan di rumah untuk bekerja maupun belajar memerlukan jaminan stabilitas listrik. Oleh karena itu berbagai kalangan meminta pemerintah untuk menegaskan ketersediaan pasokan listrik dan jangkauan elektifikasinya.,2020-04-16 07:37:00,Gatra.com,https://www.gatra.com/detail/news/475736/ekonomi/ketersediaan-pasokan-listrik-krusial-cegah-penyebaran-corona,Ekonomi
4,Pemkab TTU Akan Fasilitasi Pekerja yang Kena PHK ,Pemerintah Kabupaten Timor Tengah Utara (TTU) menghimbau tenaga yang kerja yang terkena PHK terkait dampak Covid 19 untuk melaporkan diri.,2020-04-16 00:31:00,Gatra.com,https://www.gatra.com/detail/news/475716/ekonomi/pemkab-ttu-akan-fasilitasi-pekerja-yang-kena-phk-,Ekonomi
5,Corona Melebihi Gempa Lombok Barat Musrenbang Virtual,Kondisi penyebaran Covid19 yang masih membutuhkan penanganan intensif berimbas pada pelaksanaan pertemuan yang melibatkan banyak peserta dibatasi. Karena itu Pemkab Lombok Barat Provinsi Nusa Tenggara Barat menggelar Musyawarah Pembangunan Daerah (Musrenbang) secara virtualonline Rabu (154) di Lombok Barat. Musrenbang virtual ini diikuti anggota Forum Komunikasi Pimpinan Daerah (Forkompinda) Lombok Barat ratusan peserta dari seluruh Kepala Organisasi Perangkat Daerah organisasi wanita organisasi kemasyarakatan lainnya. Musrenbang virtual ini dilakukan secara life (langsung) dimana para peserta berada di ruang kerja masingmasing dan dialog dilakukan secara teleconference.,2020-04-16 05:37:00,Gatra.com,https://www.gatra.com/detail/news/475726/ekonomi/-corona-melebihi-gempa-lombok-barat-musrenbang-virtual,Ekonomi
6,Pemberlakuan PSBB Bakal Pengaruhi Produksi CPO di Riau,"
",2020-04-15 15:42:00,Gatra.com,https://www.gatra.com/detail/news/475619/ekonomi/pemberlakuan-psbb-bakal-pengaruhi-produksi-cpo-di-riau,Ekonomi
7,Ditengah COVID-19 Petani Sawit Tetap Optimis,Meski diterpa C,2020-04-16 15:17:00,Gatra.com,https://www.gatra.com/detail/news/475768/ekonomi/ditengah-covid-19-petani-sawit-tetap-optimis,Ekonomi
8,Strategi Bisnis Saat Ramadan di Tengah Covid-19,Wabah Covid19 tidak hanya menimbulkan ratusan kematian warga tetapi juga melemahkan sektor perekonomian. Menjelang Ramadan 2020 banyak sektor usaha yang tidak dapat beroperasi layaknya Ramadan 2019. Lalu bagaimana mengatasi hal tersebut dan apa saja potensi bisnis yang bakal meraup untung pada situasi seperti ini?,2020-04-15 15:49:00,Gatra.com,https://www.gatra.com/detail/news/475623/ekonomi/strategi-bisnis-saat-ramadan-di-tengah-covid-19,Ekonomi
9,Ekspor Pertanian Naik Sebesar US$320 Juta,Di tengah wabah pandemi virus covid19 neraca perdagangan Indonesia justru mengalami surplus sebesar US$743. Surplus terjadi karena nilai ekspor mencapai US$1409 miliar atau tumbuh 023% dari US$1406 miliar pada Februari 2020.,2020-04-15 17:54:00,Gatra.com,https://www.gatra.com/detail/news/475646/ekonomi/ekspor-pertanian-naik-sebesar-us320-juta,Ekonomi
10,Sebulan Melaut di Perairan Natuna Nelayan Pantura Merugi , Sebanyak 30 kapal cantrang nelayan dari Kota Tegal Jawa Tengah sudah melaut di perairan Natuna Kepulauan Riau untuk menjaga kedaulatan wilayah Indonesia dari kapal asing sejak awal Maret lalu. Bagaimana kabar mereka kini?,2020-04-15 17:52:00,Gatra.com,https://www.gatra.com/detail/news/475644/ekonomi/sebulan-melaut-di-perairan-natuna-nelayan-pantura-merugi-,Ekonomi
11,Terdampak Corona Nelayan Tegal Berharap Keringanan Kredit, Nelayan di Kota Tegal Jawa Tengah turut terdampak mewabahnya virus corona (Covid19). Karena itu mereka berharap mendapat keringanan kredit di bank seperti didapatkan sektor usaha lainnya.,2020-04-15 15:59:00,Gatra.com,https://www.gatra.com/detail/news/475624/ekonomi/terdampak-corona-nelayan-tegal-berharap-keringanan-kredit,Ekonomi
12,Pandemi Covid-19 Polres Kebumen Siap Kawal Armada Sembako,Kapolres Kebumen AKBP Rudy Cahya Kurniawan menegaskan sampai dengan saat ini Polres Kebumen tidak memberlakukan penutup arus selama Pandemi Corona Covid19. Bahkan kepolisian siap mengawal pendistribusian bahan pokok. “Semua jalan terbuka lebar namun kepada warga masyarakat tetap harus patuh kepada pemerintah tentang social distancing dan physical distancing” kata kapolres saat pembagian bantuan paket sembako untuk tukang becak dan ojek Rabu (154).,2020-04-16 06:03:00,Gatra.com,https://www.gatra.com/detail/news/475734/ekonomi/pandemi-covid-19-polres-kebumen-siap-kawal-armada-sembako,Ekonomi
13,Tangani Covid-19 BUMN Perlu Kerja Berkali-Kali Lipat,Pengamat Badan Usaha Negara (BUMN) dari Universitas Indonesia (UI) Toto Pranoto berpandangan situasi ,2020-04-15 19:22:00,Gatra.com,https://www.gatra.com/detail/news/475664/ekonomi/tangani-covid-19-bumn-perlu-kerja-berkali-kali-lipat,Ekonomi
14,Zendmoney Tetapkan Tarif Tetap untuk Kiriman Uang dari LN, Zendmoney akan mulai mentapkan tarif tetap (,2020-04-16 14:05:00,Gatra.com,https://www.gatra.com/detail/news/475757/ekonomi/zendmoney-tetapkan-tarif-tetap-untuk-kiriman-uang-dari-ln,Ekonomi
15,Omnibus Law Diharap Jadi Solusi Pencari Kerja akibat Corona,Direktur Eksekutif Lembaga Ekonomi Mahasiswa Islam (LEMI) Pengurus Besar Himpunan Mahasiswa Islam (PB HMI) Arven Marta  mengatakan Omnibus Law Rancangan UndangUndang Cipta Kerja (RUU Ciptaker) yang kini tengah bergulir di Badan Legislasi Dewan Perwakilan Rakyat (Baleg DPR) dapat menyederhanakan regulasi yang selama ini menjadi penghalang investasi di Indonesia.,2020-04-16 10:22:00,Gatra.com,https://www.gatra.com/detail/news/475742/ekonomi/omnibus-law-diharap-jadi-solusi-pencari-kerja-akibat-corona,Ekonomi
16,Pemkab Malaka Hapus Retribusi Pedagang Pasar, Pemerintah Kabupaten (Pemkab) Malaka Nusa Tenggara Timur (NTT) menghapus retribusi untuk para pedagang pasar selama masa pandemi virus corona atau Covid19. Keputusan ini dilakukan setelah rapat bersama dengan instansi terkait dan tim pengendalian lintas sektor Covid19 untuk terkait dampak ekonomi di balik pandemi Covid19.,2020-04-15 18:26:00,Gatra.com,https://www.gatra.com/detail/news/475652/ekonomi/pemkab-malaka-hapus-retribusi-pedagang-pasar,Ekonomi
17,Siap Terapkan PSBB Cimahi Geser APBD Sebesar Rp 644 Miliar,Kota Cimahi terus melengkapi sejumlah  persiapan menyambut rencana pemberlakuan Pembatasan Sosial Berskala Besar (PSBB) seBandung Raya pada 22 April 2020 mendatang. Salah satu yang dilakukan adalah menyiapkan anggaran sebesar Rp 644 miliar untuk penanganan wabah Covid19.,2020-04-15 19:27:00,Gatra.com,https://www.gatra.com/detail/news/475666/ekonomi/siap-terapkan-psbb-cimahi-geser-apbd-sebesar-rp-644-miliar,Ekonomi
18,Modalku Beri Kredit Arus Kas Faskes BPJS Hingga Rp2 Miliar,Sebagai bentuk dukungan terhadap peningkatan pelayanan kesehatan masyarakat di Indonesia dengan menciptakan arus kas yang lancar di fasilitas kesehatan (Faskes) PT Mitrausaha Indonesia Grup (Modalku) akan menyediakan fasilitas pinjaman kepada Faskes yang sudah menjadi mitra Badan Penyelenggara Jaminan Sosial (BPJS) Kesehatan hingga sebesar Rp2 Miliar.,2020-04-15 09:18:00,Gatra.com,https://www.gatra.com/detail/news/475579/ekonomi/modalku-beri-kredit-arus-kas-faskes-bpjs-hingga-rp2-miliar,Ekonomi
19,TNI Polri di Padang Dirikan Dapur Umum Covid-19 , TNI dan Polri di Kota Padang Sumatra Barat (Sumbar) mendirikan dapur umum untuk membantu masyarakat ekonomi menengah ke bawah yang terdampak pandemi Corona. ,2020-04-14 23:15:00,Gatra.com,https://www.gatra.com/detail/news/475555/ekonomi/tni-polri-di-padang-dirikan-dapur-umum-covid-19-,Ekonomi
20,Pemkab Sumba Barat Siapkan Beras untuk Warga Terdampak COVID,Pemerintah Kabupaten Sumba Barat telah menyiapkan beras sebanyak 100 ton untuk dibagikan kepada masyarakat miskin yang terdampak penyebaran COVID 19.,2020-04-15 11:05:00,Gatra.com,https://www.gatra.com/detail/news/475582/ekonomi/pemkab-sumba-barat-siapkan-beras-untuk-warga-terdampak-covid,Ekonomi
21,Ekosistem Digital Berubah Sandiaga Minta Startup Berbenah,Kondisi ekonomi dunia pasca pandemi global covid19 tak bakal sama lagi dengan sebelumnya tak terkecuali dunia usaha startup. ,2020-04-15 13:07:00,Gatra.com,https://www.gatra.com/detail/news/475604/ekonomi/ekosistem-digital-berubah-sandiaga-minta-startup-berbenah,Ekonomi
22,Banyak Industri Perikanan Tutup Nelayan Ikut Menderita, Pandemi Covid19 turut berdampak pada nelayan di Kota Tegal Jawa Tengah. Banyaknya industri perikanan yang setop beroperasi membuat harga ikan anjlok dan berpengaruh pada pendapatan nelayan.,2020-04-15 15:09:00,Gatra.com,https://www.gatra.com/detail/news/475612/ekonomi/banyak-industri-perikanan-tutup-nelayan-ikut-menderita,Ekonomi
23,Penanganan Covid-19 Tak Ganggu Kegiatan Fisik Sarolangun, Wakil Bupati Kabupaten Sarolangun Provinsi Jambi H Hillalatil Badri mengatakan anggaran penanganan pendemi Covid19 yang terjadi saat ini tidak mengganggu anggaran kegiatan fisik pada APBD setempat. Oleh karena itu kegiatan fisik di Kabupaten Sarolangun akan tetap berjalan sebagaimana mestinya.,2020-04-15 14:27:00,Gatra.com,https://www.gatra.com/detail/news/475584/ekonomi/penanganan-covid-19-tak-ganggu-kegiatan-fisik-sarolangun,Ekonomi
24,Efektivitas Dana Stimulus Tergantung Juknis, Peneliti Kebijakan Fiskal Center For Indonesian Taxation Analysis (CITA) Dwinda Rahman mengatakan ada beberapa tantangan utama efektivitas dana stimulus terkait validasi data mekanisme penyaluran dan pengawasan dana pascapemerintah pusat menerbitkan Perppu PP Keppres dan Perpres perubahan APBN terkait stimulus ekonomi dalam menghadapi Covid19.,2020-04-15 19:43:00,Gatra.com,https://www.gatra.com/detail/news/475665/ekonomi/efektivitas-dana-stimulus-tergantung-juknis,Ekonomi
25,TAPD Karanganyar Mulai Bahas Realokasi Belanja, Tim Anggaran Pemerintah Daerah (TAPD) Kabupaten Karangagnyar Jawa Tengah membahas khusus realokasi belanja bersumber APBD 2020 selama AprilJuni. Sejumlah kegiatan bakal di,2020-04-15 14:51:00,Gatra.com,https://www.gatra.com/detail/news/475611/ekonomi/tapd-karanganyar-mulai-bahas-realokasi-belanja,Ekonomi
26,Terus Bertambah 2.187 Pekerja di Karanganyar Dirumahkan, Jumlah pekerja diputus hubungan kerjanya atau PHK maupun dirumahkan di Karanganyar Jawa Tengah terus bertambah. Dinas Perdagangan Tenaga Kerja Koperasi dan UMKM setempat terus menghimpun data mereka yang akan diusulkan memperoleh Kartu Prakerja (KPK).,2020-04-15 15:42:00,Gatra.com,https://www.gatra.com/detail/news/475617/ekonomi/terus-bertambah-2187-pekerja-di-karanganyar-dirumahkan,Ekonomi
27,Premi Prudential Life Tahun 2019 Tembus 25 Triliun, Pendapatan premi PT Prudential Life Assurance (Prudential Indonesia) tembus Rp25 triliun. Kinerja ini didukung oleh pertumbuhan solid sebesar 15% dari premi saluran distribusi bisnis baru yakni agensi dan bancassurance.,2020-04-15 08:43:00,Gatra.com,https://www.gatra.com/detail/news/475577/ekonomi/premi-prudential-life-tahun-2019-tembus-25-triliun,Ekonomi
28,Harga Gula di Siak Meroket Tembus Rp20 Ribu per Kg, Harga gula pasir yang dijual pedagang eceran di Kabupaten Siak Riau kini sudah mencapai Rp20 ribu per kilogram. Pemicunya adalah pasokan stok mulai berkurang.,2020-04-14 18:41:00,Gatra.com,https://www.gatra.com/detail/news/475508/ekonomi/harga-gula-di-siak-meroket-tembus-rp20-ribu-per-kg,Ekonomi
29,Bupati Bandung Barat Sepakat Tunda Utang ke PT SMI,Bupati Bandung Barat Aa Umbara Sutisna sepakat untuk menangguhkan pinjaman Rp.285 miliar  dari dari PT Sarana Multi Infrastruktur (Persero) atau PT SMI yang digunakan untuk proyek infrastruktur jalan di wilayah selatan menyusul merebaknya pandemi COVID19. ,2020-04-14 19:33:00,Gatra.com,https://www.gatra.com/detail/news/475483/ekonomi/bupati-bandung-barat-sepakat-tunda-utang-ke-pt-smi,Ekonomi
30,Meski Pandemi Covid 19 Petani OKI Panen Raya,Meski pendemi covid 19 petani di kabupaten Ogan Komering Ilir (OKI) Sumsel melaksanakan panen raya. Tidak kurang dari 26.633 hektar (ha) lahan akan siap panen pada April ini.,2020-04-14 19:58:00,Gatra.com,https://www.gatra.com/detail/news/475526/ekonomi/meski-pandemi-covid-19-petani-oki-panen-raya,Ekonomi
31,BI Upayakan Kerjasama Repo Line dengan Bank Sentral di Eropa,Bank Indonesia (BI) tengah melakukan koordinasi dengan bank sentral di berbagai negara di Eropa untuk menjalin kerjasama ,2020-04-14 19:07:00,Gatra.com,https://www.gatra.com/detail/news/475518/ekonomi/bi-upayakan-kerjasama-repo-line-dengan-bank-sentral-di-eropa,Ekonomi
32,Disperindag Siak Jamin Stok Gas Melon Aman di Tengah Corona, Dinas Perdagangan dan Perindustrian (Disperindag) Kabupaten Siak Riau memastikan ketersediaan gas Elpiji 3 kilogram (melon) atau gas bersubsidi aman di tengah wabah virus Corona (Covid19) menghantui daerah setempat.,2020-04-14 20:33:00,Gatra.com,https://www.gatra.com/detail/news/475534/ekonomi/disperindag-siak-jamin-stok-gas-melon-aman-di-tengah-corona,Ekonomi
33,Di Tengah Pandemi Fenomen Mudik Diprediksi Tetap Tinggi, Meski ditengah Wabah Pandemi Covid19 di Indonesia Peneliti Kependudukan LIPI Rusli Cahyadi menilai fenomena Mudik masyarakat tanah air tetap akan terjadi. Karena menurut Rusli Mudik sudah menjadi fenomena sosiokultural yang tidak terpengaruh oleh faktor lain.,2020-04-14 20:34:00,Gatra.com,https://www.gatra.com/detail/news/475492/ekonomi/di-tengah-pandemi-fenomen-mudik-diprediksi-tetap-tinggi,Ekonomi
34,PSBB Bikin Sektor Perhotelan Riau Kalang Kabut,"
",2020-04-14 16:17:00,Gatra.com,https://www.gatra.com/detail/news/475479/ekonomi/psbb-bikin-sektor-perhotelan-riau-kalang-kabut,Ekonomi
35,Corona Melanda 20 Ribu Wisman Batal Berwisata ke Lombok,Merebaknya virus Covid19 membuyarkan berbagai agenda wisata di Lombok yang sedari awal sudah dijadwalkan. Salah satunya pembatalan 9 kapal pesiar yang akan mengunjungi Lombok sejak Maret hingga April 2020.,2020-04-14 21:46:00,Gatra.com,https://www.gatra.com/detail/news/475547/ekonomi/corona-melanda-20-ribu-wisman-batal-berwisata-ke-lombok,Ekonomi
36,Pemkab Banyumas Sediakan Kuota 165 Ribu Kartu Prakerja, Pemerintah Kabupaten (Pemkab) Banyumas Jawa Tengah mulai membuka pendaftaran kartu prakerja untuk masyarakat di Banyumas. Kuota yang disediakan untuk 165 ribu warga yang dirumahkan mengalami pemutusan hubungan kerja (PHK) atau pencari kerja.,2020-04-14 18:50:00,Gatra.com,https://www.gatra.com/detail/news/475513/ekonomi/pemkab-banyumas-sediakan-kuota-165-ribu-kartu-prakerja,Ekonomi
37,Layani Pelanggan Dirumah MMKSI Operasikan Hotline ,PT Mitsubishi Motors Krama Yudha Sales Indonesia (MMKSI) kembali mengoperasikan layanan Mitsubishi Motors Customer Care lewat layanan 24 jam call center hotline 08041300300.,2020-04-14 20:51:00,Gatra.com,https://www.gatra.com/detail/news/475537/ekonomi/layani-pelanggan-dirumah-mmksi-operasikan-hotline-,Ekonomi
38,BI Tahan Suku Bunga Acuan Tetap di 45%,Bank Indonesia (BI) memutuskan untuk tetap menahan suku bunga acuan atau BI 7 Days Repo Rates (BI7DRR) di level 45 persen. ,2020-04-14 16:18:00,Gatra.com,https://www.gatra.com/detail/news/475485/ekonomi/bi-tahan-suku-bunga-acuan-tetap-di-45,Ekonomi
39,Corona Ekspor Ikan Jateng Justru Meningkat 18.9 Persen, Pandemi Covid19 atau Virus Corona nyatanya tidak berpengaruh pada sektor perikanan di Jawa Tengah. Buktinya di tengah pandemi ini ekspor ikan dari Jawa Tengah justru melonjak hingga 18.9 persen.,2020-04-14 16:44:00,Gatra.com,https://www.gatra.com/detail/news/475487/ekonomi/corona-ekspor-ikan-jateng-justru-meningkat-189-persen,Ekonomi
40,Di Sragen Paket Sembako Polda Jateng Menyasar Kaum Marginal,Jajaran Polda Jawa Tengah bersama forkopimda Kabupaten Sragen membagikan paket sembako ke pedagang dan buruh di Pasar Bunder Sragen Rabu pagi (154). Pasar Bunder merupakan salah satu lokasi sasaran pembagian paket tersebut dari total 1.570 titik di Jawa Tengah.,2020-04-15 16:50:00,Gatra.com,https://www.gatra.com/detail/news/475627/ekonomi/di-sragen-paket-sembako-polda-jateng-menyasar-kaum-marginal,Ekonomi
41,Ekonomi ASEAN Diprediksi Tumbuh 1% Akibat Covid-19,Presiden Joko Widodo (Jokowi) meminta negaranegara yang tergabung dalam ASEAN untuk melawan pandemi Covid19. Menurutnya pandemi ini telah memukul ekonomi dunia bahkan diprediksi akan tumbuh hanya sekitar satu persen tahun ini di kawasan ASEAN.,2020-04-14 15:43:00,Gatra.com,https://www.gatra.com/detail/news/475478/ekonomi/ekonomi-asean-diprediksi-tumbuh-1-akibat-covid-19,Ekonomi
42,Okupansi KA Lokal Anjlok PT KAI Daop 4 Tutup 8 Rute, Tak hanya menggerus okupansi kereta api jarak jauh pandemi Corona juga mengakibatkan okupansi penumpang harian pada kereta api lokal di PT KAI Daop 4 Semarang anjlok hingga 90 persen.,2020-04-14 17:48:00,Gatra.com,https://www.gatra.com/detail/news/475501/ekonomi/okupansi-ka-lokal-anjlok-pt-kai-daop-4-tutup-8-rute,Ekonomi
43,BI Prediksi Resesi Ekonomi Dunia akan Terjadi di Triwulan II,Gubernur Bank Indonesia (BI) Perry Warjiyo menilai resesi ekonomi dunia akan terjadi pada Triwulan II dan Triwulan III 2020. Hal itu dikarenakan permintaan dan proses produksi yang terus mengalami penurunan.,2020-04-14 18:01:00,Gatra.com,https://www.gatra.com/detail/news/475503/ekonomi/bi-prediksi-resesi-ekonomi-dunia-akan-terjadi-di-triwulan-ii,Ekonomi
44,Jaga Stabilitas Moneter dan Likuiditas BI Tempuh 4 Langkah ,Selain mempertahankan suku bunga acuan atau BI 7 Days Repo Rates (BI7DRR) di level 45 persen Bank Indonesia (BI) juga akan menempuh empat kebijakan berikut untuk menjaga stabilitas moneter dan tingkat likuiditas nasional.,2020-04-14 17:02:00,Gatra.com,https://www.gatra.com/detail/news/475494/ekonomi/jaga-stabilitas-moneter-dan-likuiditas-bi-tempuh-4-langkah-,Ekonomi
45,Pemprov Jatim Buka Layanan Pendampingan Kartu Pra Kerja,Program Kartu Pra Kerja resmi diluncurkan bagi pegawai korban PHK (Pemutusan Hubungan Kerja). Pemerintah Provinsi (Pemprov) Jawa Timur menyatakan akan membantu para korban PHK berupa pendampingan pendaftaran program tersebut.,2020-04-13 22:52:00,Gatra.com,https://www.gatra.com/detail/news/475416/ekonomi/pemprov-jatim-buka-layanan-pendampingan-kartu-pra-kerja,Ekonomi
46,LKPJ Siak Dilaporkan Melaui Video Conference ini Rinciannya,Bupati Siak Alfedri menyampaikan Laporan Keterangan Pertanggungjawaban (LKPJ) Tahun 2019 dan Ranperda Rencana Detail Tata Ruang (RDTR) Kawasan Perkotaan Siak Sri Indrapura Tahun ,2020-04-13 23:18:00,Gatra.com,https://www.gatra.com/detail/news/475420/ekonomi/lkpj-siak-dilaporkan-melaui-video-conference-ini-rinciannya,Ekonomi
47,Warga Cari Kerja atau Kena PHK Diminta Daftar Kartu Prakerja,Masyarakat yang sedang melalui proses pencarian kerja atau terkena PHK (Pemutusan Hubungan Kerja) diminta segera melakukan pendaftaran kartu prakerja. Pasalnya saat ini banyak pekerja yang terkena PHK pada masa pandemi covid19.,2020-04-14 15:53:00,Gatra.com,https://www.gatra.com/detail/news/475480/ekonomi/warga-cari-kerja-atau-kena-phk-diminta-daftar-kartu-prakerja,Ekonomi
48,Gubernur Bali akan Kumpulkan Pemilik Hotel agar Tiadakan PHK,Gubernur Bali Wayan Koster mengatakan akan segera mengumpulkan para pemilik hotel untuk meminta agar tidak melakukan pemutusan hubungan kerja (PKH) terhadap karyawan meski saat ini kondisinya sangat sulit akibat wabah ,2020-04-13 23:14:00,Gatra.com,https://www.gatra.com/detail/news/475399/ekonomi/gubernur-bali-akan-kumpulkan-pemilik-hotel-agar-tiadakan-phk,Ekonomi
49,Pandemi Corona Nasib Perajin Gula Terjerat Tengkulak,Pendemi Covid19 berdampak ke berbagai sektor salah satunya ke nelayan ikan yang juga berprofesi sebagai penderes gula di Cilacap Jawa Tengah. Ikan kini tak laku dan menyebabkan satusatunya pendapatan adalah gula.,2020-04-14 06:42:00,Gatra.com,https://www.gatra.com/detail/news/475433/ekonomi/pandemi-corona-nasib-perajin-gula-terjerat-tengkulak,Ekonomi
50,Baleg dan Pemerintah Kebut Bahas Omnibus Law,Pembahasan Rancangan Undangundang (RUU) Omnibus Law tentang Cipta Kerja dikebut di tengah wabah Covid19. Siang ini (1404) Badan Legislasi DPR akan mengadakan Rapat Kerja dengan 11 menteri yang dilakukan secara terbatas. Menurut Ketua Baleg DPR RI Supratman Andi Agtas agenda rapat kerja yaitu mendengarkan penjelasan pemerintah atas RUU Cipta Kerja.,2020-04-14 11:02:00,Gatra.com,https://www.gatra.com/detail/news/475443/ekonomi/baleg-dan-pemerintah-kebut-bahas-omnibus-law,Ekonomi
51,Banyak Warga Bercocok Tanam di Rumah Pupuk Kandang Laris, Di tengah wabah Covid19 yang mengharuskan sebagian masyarakat untuk bekerja dari rumah atau ,2020-04-14 13:54:00,Gatra.com,https://www.gatra.com/detail/news/475465/ekonomi/banyak-warga-bercocok-tanam-di-rumah-pupuk-kandang-laris,Ekonomi
52,Pandemi Covid-19 Petani Cilacap Bantu 93 Ton Beras, Petani di Kabupaten Cilacap Jawa Tengah menyumbangkan sebanyak 9.345 kilogram beras untuk masyarakat Kabupaten Cilacap pada masa pandemi Covid19 ini.,2020-04-14 15:39:00,Gatra.com,https://www.gatra.com/detail/news/475474/ekonomi/pandemi-covid-19-petani-cilacap-bantu-93-ton-beras,Ekonomi
53,Buruh Bangun Solidaritas dengan Pemerintah soal Omnibus Law,Ketua Umum Serikat Pekerja Transportasi Jalan Raya (SPTJR) Noak Banjarnahor meminta agar buruh membangun solidaritas bersama pemerintah dan pengusaha dalam menghadapi situasi di tengah pandemi virus corona ini. Salah satunya dengan tidak menolak keberadaan Omnibus Law Rancangan UndangUndang Cipta Kerja (RUU Ciptaker) yang kini tengah dibahas Pemerintah dan DPR.,2020-04-14 06:37:00,Gatra.com,https://www.gatra.com/detail/news/475437/ekonomi/buruh-bangun-solidaritas-dengan-pemerintah-soal-omnibus-law,Ekonomi
54,DPR Minta Bank Mandiri dan BRI Bebaskan Bunga UMKM,Anggota Komisi XI DPR Kamrussamad meminta BRI dan Direksi Bank Mandiri memberikan pembebasan bunga dan meminjam pembayaran pokok pinjaman untuk Usaha Mikro Kecil dan Menengah (UMKM). ,2020-04-14 13:05:00,Gatra.com,https://www.gatra.com/detail/news/475449/ekonomi/dpr-minta-bank-mandiri-dan-bri-bebaskan-bunga-umkm,Ekonomi
55,Bisnis Basis Kesehatan Jangan Ambil Untung di Tengah Pandemi,Banyak perusahaan berbasis kesehatan atau perorangan memanfaatkan situasi pandemi Covid19 dengan sengaja menjual alat pelindung diri (APD) tenaga kesehatan. Menjual pun dengan harga cukup mahal bahkan terbatas.,2020-04-16 14:40:00,Gatra.com,https://www.gatra.com/detail/news/475767/ekonomi/bisnis-basis-kesehatan-jangan-ambil-untung-di-tengah-pandemi,Ekonomi
56,Dampak Covid-19 Sejumlah Hotel di Solo Tutup,Sejumlah Hotel di kota Solo tercatat tutup pasca wabah Covid19 yang terjadi di Indonesia. Dampak dari penutupan para karyawan terpaksa dirumahkan. Tercatat ada 12 hotel yang tutup dalam kisaran waktu satu bulan terakhir. Hampir kesemuanya merupakan hotelhotel kategori besar.,2020-04-13 17:44:00,Gatra.com,https://www.gatra.com/detail/news/475362/ekonomi/dampak-covid-19-sejumlah-hotel-di-solo-tutup,Ekonomi
57,Bupati TTS Imbau Korban PHK Ikut Program Kartu Pra Kerja,Warga masyarakat Kabupaten Timor Tengah Selatan (TTS) yang menjadi korban PHK akibat dampak penyebaran Covid19 didorong untuk  memanfaatkan program kartu pra kerja. Selain akan diberikan bantuan biaya masyarakat yang masuk program tersebut akan diberikan pelatihan guna meningkatkan skill.,2020-04-13 18:18:00,Gatra.com,https://www.gatra.com/detail/news/475358/ekonomi/bupati-tts-imbau-korban-phk-ikut-program-kartu-pra-kerja,Ekonomi
58,Berikut Upaya Pemkab Pati Cegah Kelangkaan Pangan, Pemerintah Kabupaten (Pemkab) Pati dalam waktu dekat bakal menggelar operasi pasar. Hal ini dilangsungkan lantaran tingginya harga gula pasir yang mencapai Rp19.000 per kilogram di pasaran semenjak pandemi Covid19.,2020-04-13 18:46:00,Gatra.com,https://www.gatra.com/detail/news/475375/ekonomi/berikut-upaya-pemkab-pati-cegah-kelangkaan-pangan,Ekonomi
59,UKM Lesu Konsumsi Gas Melon Karanganyar Menurun,"
",2020-04-13 20:07:00,Gatra.com,https://www.gatra.com/detail/news/475323/ekonomi/ukm-lesu-konsumsi-gas-melon-karanganyar-menurun,Ekonomi
60,Inovasi Desa Melawan Virus Corona ,"
							",2020-04-13 22:13:00,Gatra.com,https://www.gatra.com/detail/news/475403/ekonomi/inovasi-desa-melawan-virus-corona-,Ekonomi
61,Ekspor Ikan Jambi  Meningkat di Tengah Wabah Corona, Di tengah mewabahnya Coronavirus Diseases 2019 (Covid19) yang disebut mengguncang perekonomian dunia ternyata tak mengganggu kegiatan ekspor perikanan dari Jambi ke Singapura. Justru disebut kian meningkat. Hal ini diketahui berdasarkan data yang disampaikan BKIPM Jambi.,2020-04-13 19:58:00,Gatra.com,https://www.gatra.com/detail/news/475382/ekonomi/ekspor-ikan-jambi--meningkat-di-tengah-wabah-corona,Ekonomi
62,Omset Turun Pemkot Solo Beri Keringanan Retribusi Pedagang,Dinas Perdagangan Kota Solo berencana memberikan keringanan retribusi bagi pedagang saat wabah Covid19. Untuk itu pedagang diminta untuk mengirimkan surat pengajuan keringanan.,2020-04-13 17:54:00,Gatra.com,https://www.gatra.com/detail/news/475366/ekonomi/omset-turun-pemkot-solo-beri-keringanan-retribusi-pedagang,Ekonomi
63,Haryadi Kartu Pra Kerja Membantu Perekonomian Saat ini,Di tengah kondisi perekonomian nasional yang terdampak oleh pandemi Covid19 pemerintah RI sudah  meluncurkan Kartu Pra Kerja. Program ini menjadi salah satu stimulus untuk mengantisipasi para pekerja di Tanah Air yang terkena Pemutusan Hubungan Kerja (PHK) akibat pandemi Covid19.,2020-04-13 06:21:00,Gatra.com,https://www.gatra.com/detail/news/475301/ekonomi/haryadi-kartu-pra-kerja-membantu-perekonomian-saat-ini,Ekonomi
64,Dampak Covid-19 51 Pekerja di Sarolangun Dirumahkan, Sebanyak 51 orang pekerja di Kabupaten Sarolangun Jambi Dirumahkan oleh perusahaan tempat mereka bekerja. Hal ini merupakan sebagian dampak pandemi Covid19 yang sedang terjadi saat ini.,2020-04-13 15:57:00,Gatra.com,https://www.gatra.com/detail/news/475343/ekonomi/dampak-covid-19-51-pekerja-di-sarolangun-dirumahkan,Ekonomi
65,Pandemi COVID-19 Panja DPRD KBB Minta Utang ke SMI Ditunda,Panitia Kerja (Panja) Percepatan Penanganan ,2020-04-12 21:12:00,Gatra.com,https://www.gatra.com/detail/news/475296/ekonomi/pandemi-covid-19-panja-dprd-kbb-minta-utang-ke-smi-ditunda,Ekonomi
66,Pemkab Lembata Bebaskan Retribusi Pasar, Pemerintah Kabupaten (Pemkab) Lembata mengeluarkan kebijakan membebaskan retribusi pasar rakyat bagi masyarakat. Keputusan pembebasan ini terkait dampak pandemi Covid19.,2020-04-13 16:33:00,Gatra.com,https://www.gatra.com/detail/news/475353/ekonomi/pemkab-lembata-bebaskan-retribusi-pasar,Ekonomi
67,Pekanbaru PSBB Ekonomi Riau Terdampak, Menyusul kebijakan pembatasan sosial bersekala besar (PSBB) di kota Pekanbaru Pengamat Ekonomi dari Universitas Riau Edyanus Herman Halim mengatakan hal tersebut akan berdampak terhadap perekonomian Riau.  ,2020-04-13 14:52:00,Gatra.com,https://www.gatra.com/detail/news/475337/ekonomi/pekanbaru-psbb-ekonomi-riau-terdampak,Ekonomi
68,Cadangan Devisa Cukup untuk Bayar Utang dan Stabilkan Rupiah,Kondisi pasar keuangan berangsur membaik. Kekhawatiran pelaku pasar keuangan dan investor terhadap Covid19 di berbagai negara menurun meskipun belum pulih seluruhnya. Hal ini tercermin dari VIX (indikator volatilitas pasar keuangan global di AS). Sebelum pandemi VIX berada di angka 188 dan saat ini berada pada tingkat 433 setelah sempat mencapai angka puncak 822 di tengah pandemi Covid19.,2020-04-13 17:39:00,Gatra.com,https://www.gatra.com/detail/news/475359/ekonomi/cadangan-devisa-cukup-untuk-bayar-utang-dan-stabilkan-rupiah,Ekonomi
69,Pengelola Wisata di Gunungkidul Diimbau Cari Usaha Baru , Dinas Pariwisata Gunungkidul mencatat lebih dari tiga ribu pelaku wisata terdampak wabah Covid19. Mereka pun diimbau untuk mencari peluang usaha baru supaya dapat bertahan melewati masa pandemi ini.,2020-04-13 15:57:00,Gatra.com,https://www.gatra.com/detail/news/475341/ekonomi/pengelola-wisata-di-gunungkidul-diimbau-cari-usaha-baru-,Ekonomi
70,Chilibeli Raih Top Online Pangan Tracxn Emerging Awards,Platform perniagaan sosial Chilibeli raih status Top Online Grocery Tech Startups dari Tracxn Emerging Awards. Tidak hanya itu ia juga dijagokan sebagai Minicorn dan salah satu startup teknologi terkemuka untuk perniagaan pangan online.,2020-04-13 17:07:00,Gatra.com,https://www.gatra.com/detail/news/475357/ekonomi/chilibeli-raih-top-online-pangan-tracxn-emerging-awards,Ekonomi
71,Pemkot Jambi bebaskan 4 sektor pajak Selama 2 Bulan ,Pemerintah Kota (Pemkot) Jambi kembali mengambil kebijakan di sektor fiskal selama masa penanganan Covid19. Sebelumnya Pemkot Jambi telah mengeluarkam kebijakan dengan menggratiskan pembayaran PDAM bagi masyarakat. ,2020-04-13 21:52:00,Gatra.com,https://www.gatra.com/detail/news/475407/ekonomi/pemkot-jambi-bebaskan-4-sektor-pajak-selama-2-bulan-,Ekonomi
72,BI Suntik Likuiditas Rp1178 T ke Perbankan,Bank Indonesia (BI) kembali menyuntikkan likuiditas ke perbankan sekitar Rp1178 triliun. Injeksi likuiditas itu dilakukan dengan meningkatkan pelonggaran moneter melalui instrumen kuantitas atau ,2020-04-14 18:41:00,Gatra.com,https://www.gatra.com/detail/news/475502/ekonomi/bi-suntik-likuiditas-rp1178-t-ke-perbankan,Ekonomi
73,Dirumahkan 703 Orang Daftar Kartu Pra Kerja di Kota Tegal, Pemerintah pusat mengubah sementara peruntukkan program Kartu Pra Kerja yakni untuk jaring pengaman sosial bagi pekerja yang terdampak pandemi Covid19. Di Kota Tegal Jawa Tengah terdapat 703 orang yang sudah mendaftar program tersebut karena kehilangan pekerjaan.,2020-04-11 16:25:00,Gatra.com,https://www.gatra.com/detail/news/475192/ekonomi/dirumahkan-703-orang-daftar-kartu-pra-kerja-di-kota-tegal,Ekonomi
74,Pekerja Harian di Sumbar Mendapat Bantuan Rp600 Ribu, Wabah virus corona berdampak besar terhadap pekerja harian di Sumatra Barat (Sumbar). Pemerintah setempat akan memberikan bantuan Rp600 ribu per kepala keluarga (KK) bagi tenaga terdampak.,2020-04-11 14:37:00,Gatra.com,https://www.gatra.com/detail/news/475181/ekonomi/pekerja-harian-di-sumbar-mendapat-bantuan-rp600-ribu,Ekonomi
75,Riau Ajukan Penambahan Kartu Prakerja,Kepala Dinas Tenaga Kerja Provinsi Riau Jonli mengungkapkan jumlah pendaftar Kartu Prakerja di Provinsi Riau melonjak tajam setelah dibuka pendaftaran tahap kedua calon penerima Kartu Prakerja. Peningkatan ini membuat Gubernur Riau Syamsuar mengajukan penambahan Kartu Prakerja kepada Menteri Ketenagakerjaan (Menaker) Ida Fauziah. ,2020-04-12 14:29:00,Gatra.com,https://www.gatra.com/detail/news/475251/ekonomi/riau-ajukan-penambahan-kartu-prakerja,Ekonomi
76,Hotel Sediakan Paket Isolasi Mandiri Selama Dua Minggu, Kabar gembira bagi warga Jawa Timur yang bingung mencari tempat aman untuk melakukan isolasi mandiri selama wabah ,2020-04-12 08:43:00,Gatra.com,https://www.gatra.com/detail/news/475234/ekonomi/hotel-sediakan-paket-isolasi-mandiri-selama-dua-minggu,Ekonomi
77,PT GEB Bantah akan Datangkan TKA Cina dari Palembang,PT General Energy Bali (GEB) membantah akan mendatangkan 25 orang Tenaga Kerja Asing (TKA) asal Cina dari Palembang Sumatera Selatan. Rencana mendatangkan para pekerja tersebut tidak benar.,2020-04-12 21:00:00,Gatra.com,https://www.gatra.com/detail/news/475266/ekonomi/pt-geb-bantah-akan-datangkan-tka-cina-dari-palembang,Ekonomi
78,Laba Meningkat Sido Muncul Bagikan Deviden Rp72933 Miliar ,PT Industri Jamu dan Farmasi Sido Muncul Tbk sepanjang 2019 menunjukkan peningkatan dengan membukukan laba bersih senilai Rp80769 miliar. Laba bersih tersebut meningkat sebesar 2167% dibandingkan dengan laba bersih 2018 senilai Rp66385 miliar.,2020-04-13 19:29:00,Gatra.com,https://www.gatra.com/detail/news/475383/ekonomi/laba-meningkat-sido-muncul-bagikan-deviden-rp72933-miliar-,Ekonomi
79,Covid-19 Pemprov NTB Jamin Pangan Masyarakat Selama 3 Bulan, Ketersediaan bahan pokok terutama pangan di Nusa Tenggara Barat (NTB) dalam beberapa bulan ke depan sebagai imbas penyebaran virus corona19 ini harus dipastikan guna menunjang ketersediaan bahan pokok (Bapok) utama masyarakat di NTB. Karena itu Pemda NTB meluncurkan program untuk menjamin kebutuhan masyarakat selama 3 bulan.,2020-04-12 09:32:00,Gatra.com,https://www.gatra.com/detail/news/475241/ekonomi/covid-19-pemprov-ntb-jamin-pangan-masyarakat-selama-3-bulan,Ekonomi
80,Akibat Corona Ribuan Pekerja di Bali Terdampak ,Kepala Dinas Perindustrian dan Perdangaan Provinsi Bali I Wayan Jarta menyatakan beberapa industri dan tenaga kerja terdampak Pandemi Covid19.,2020-04-10 13:23:00,Gatra.com,https://www.gatra.com/detail/news/475100/ekonomi/akibat-corona-ribuan-pekerja-di-bali-terdampak-,Ekonomi
81,4.283 Buruh Kena Imbas Corona Disnaker Imbau Daftar Kartu P,"
",2020-04-10 16:32:00,Gatra.com,https://www.gatra.com/detail/news/475121/ekonomi/4283-buruh-kena-imbas-corona-disnaker-imbau-daftar-kartu-p,Ekonomi
82,Masa Darurat Covid-19 Warga Miskin NTB Dibantu JPS Gemilang,Paket bantuan Jaring Pengaman Sosial (JPS) bagi warga NTB guna memperkecil dampak ekonomi dan sosial atas wabah virus corona jenis baru atau COVID19 di provinsi NTB mencapai 105.000 kepala keluarga (KK). Setiap warga NTB nantinya akan mendapatkan beras telur minyak goreng teh minyak kayu putih dan lainlain. Nilainya sebanyak Rp250.000KK per bulan.,2020-04-11 13:06:00,Gatra.com,https://www.gatra.com/detail/news/475152/ekonomi/masa-darurat-covid-19-warga-miskin-ntb-dibantu-jps-gemilang,Ekonomi
83,Startup Hellofit Tawarkan Konsultasi Pasien dan Dokter, Perusahaan startup meluncurkan aplikasi baru bernama Hellofit. Peluncuran aplikasi ini dilakukan di Rumah Dinas Wali Kota Solo Loji Gandrung sekaligus memberikan sumbangan bantuan untuk penanganan Covid19 di kota Solo.,2020-04-10 16:22:00,Gatra.com,https://www.gatra.com/detail/news/475118/ekonomi/startup-hellofit-tawarkan-konsultasi-pasien-dan-dokter,Ekonomi
84,Selama Wabah Sumbar Pastikan Pasokan Pangan Aman, Pasokan ketersediaan bahan pangan di Sumatra Barat (Sumbar) dipastikan aman selama masa percepatan penanganan wabah virus corona. Hal ini sesuai laporan ketersediaan pangan di semua kabupaten dan kota di provinsi itu.,2020-04-10 19:46:00,Gatra.com,https://www.gatra.com/detail/news/475137/ekonomi/selama-wabah-sumbar-pastikan-pasokan-pangan-aman,Ekonomi
85,Pemkab Purbalingga Kerahkan UMKM Produksi APD,Pemerintah Kabupaten Purbalingga mengerahkan Usaha Mikro Kecil Menengah (UMKM) untuk membuat Alat Pelindung Diri (APD) dan masker. Kebijakan ini dilakukan untuk mencegah UMKM ambruk garagara Corona.,2020-04-13 07:18:00,Gatra.com,https://www.gatra.com/detail/news/475312/ekonomi/pemkab-purbalingga-kerahkan-umkm-produksi-apd,Ekonomi
86,Perusahaan Hentikan Pakan Peternak Bagi-Bagi Anak Ayam,Ribuan ekor ayam usia belum siap konsumsi di Cilacap dijual murah lantaran perusahaan mitra menghentikan suplai pakan. Bahkan beberapa di antara dibagikan gratis untu warga yang bersedia memberi makan. Seorang peternak di Kecamatan Wanareja Tasim Wahyudi mengatakan pada awal pekan kedua April 2020 perusahaan mitra menghentikan suplai pakan ayam. Akibatnya ribuan ayam terancam kelaparan.,2020-04-11 06:24:00,Gatra.com,https://www.gatra.com/detail/news/475156/ekonomi/perusahaan-hentikan-pakan-peternak-bagi-bagi-anak-ayam,Ekonomi
87,Kronologis Thermal Oxidizer Gas EP Cepu Terbakar, Fasilitas pengolahan (insenator) gas Central Processing Plant (CPP) Gas Gundih milik PT Pertamina EP Cepu Field Blora Jawa Tengah terbakar Kamis (94).,2020-04-09 19:16:00,Gatra.com,https://www.gatra.com/detail/news/475042/ekonomi/kronologis-thermal-oxidizer-gas-ep-cepu-terbakar,Ekonomi
88,Corona Mewabah Konsumsi BBM dan LPG di Tegal Turun,Konsumsi BBM di Kota Tegal dan Kabupaten Tegal Jawa Tengah mengalami penurunan karena merebaknya ,2020-04-10 16:36:00,Gatra.com,https://www.gatra.com/detail/news/475122/ekonomi/corona-mewabah-konsumsi-bbm-dan-lpg-di-tegal-turun,Ekonomi
89,Tanda Cinta TNI dan Polri untuk Masyarakat Kebumen, Ribuan sembako dibagikan personel Kepolisian Resor (Polres) Kebumen Kebumen dan Komando Distrik Militer (Kodim) 0709 Kebumen kepada warga masyarakat yang terdampak langsung wabah Covid19.,2020-04-11 06:41:00,Gatra.com,https://www.gatra.com/detail/news/475155/ekonomi/tanda-cinta-tni-dan-polri-untuk-masyarakat-kebumen,Ekonomi
90,Tim Investigasi Telusuri Kebakaran Pabrik Semen di Cilacap ,Pabrik semen di Cilacap Jawa Tengah hingga saat ini menghentikan operasi pasca kebakaran yang terjadi Kamis (104). Dari video yang beredar di berbagai linimasa tampak saat kebakaran asap membumbung tinggi dari pabrik milik PT Solusi Bangun Indonesia.,2020-04-10 20:48:00,Gatra.com,https://www.gatra.com/detail/news/475141/ekonomi/tim-investigasi-telusuri-kebakaran-pabrik-semen-di-cilacap-,Ekonomi
91,Penerima Subsidi PLN di Sumut  Sebanyak 16 Juta Pelanggan,Total pelanggan di Sumatera Utara (Sumut) yang menerima subsidi listrik sebanyak 1.612.145 pelanggan. Terdiri dari 1.144.000 pelanggan 450 VA pasca bayar 125 ribu token. Totalnya untuk pelanggan 450 VA ada 1.269.000 pelanggan yang kemudian akan mendapatkan listrik gratis.,2020-04-09 19:33:00,Gatra.com,https://www.gatra.com/detail/news/475046/ekonomi/penerima-subsidi-pln-di-sumut--sebanyak-16-juta-pelanggan,Ekonomi
92,Jelang Ramadan Ganjar Menjamin Stok Pangan di Jateng Aman ,Gubernur Jawa Tengah (Jateng) Ganjar Pranowo menjamin stok pangan menjelang bulan Ramadan 2020 aman meski saat ini masih dilanda wabah Virus Corona atau Covid19.,2020-04-09 20:09:00,Gatra.com,https://www.gatra.com/detail/news/475051/ekonomi/jelang-ramadan-ganjar-menjamin-stok-pangan-di-jateng-aman-,Ekonomi
93,Hadapi Wabah Petrokimia Gresik Tingkatkan Ketahanan Pangan,Sebagai upaya meningkatkan ketahanan pangan saat pandemi virus corona Petrokimia Gresik berhasil memanen padi hingga enam ton per hektar di Desa Candijati Kecamatan Arjasa Kabupaten Jember Rabu (84) dan Desa Sidokerto Kecamatan Karangjati Kabupaten Ngawi Kamis (94).,2020-04-09 19:43:00,Gatra.com,https://www.gatra.com/detail/news/475038/ekonomi/hadapi-wabah-petrokimia-gresik-tingkatkan-ketahanan-pangan,Ekonomi
94,Kondisi Terkini Pasca Pengolahan Gas EP Cepu Terbakar, Api yang membakar fasilitas pengolahan (insenator) gas milik PT Peramina EP Cepu Field di CPP Gundih Blora Jawa Tengah pada Kamis (94) berhasil dipadamkan sekitar pukul 10.45 WIB.,2020-04-09 19:44:00,Gatra.com,https://www.gatra.com/detail/news/475047/ekonomi/kondisi-terkini-pasca-pengolahan-gas-ep-cepu-terbakar,Ekonomi
95,Emil Dardak Imbau Pedagang Pasar Tradisional Jualan Online, Banyak pedagang pasar yang mengeluh sepi pembeli karena masyarakatnya berdiam diri di rumah menghindari penularan wabah Covid19. Pemerintah Provinsi Jawa Timur lalu mengimbau para pedagang agar berjualan secara ,2020-04-11 20:42:00,Gatra.com,https://www.gatra.com/detail/news/475214/ekonomi/emil-dardak-imbau-pedagang-pasar-tradisional-jualan-online,Ekonomi
96,Mobil Mungil ini Sentuh Rp200 juta,Hari ini PT Suzuki Indomobil Sales (SIS) secara virtual meluncurkan sebuah produk SUV dengan ubahan terbaru yaitu New Ignis “The New Breed of Urban SUV”. Melalui streaming di akun Youtube Suzuki Indonesia yang selanjutnya akan diunggah ke IG TV @suzuki_id. Tampilan New Ignis semakin premium dengan desain eksterior lebih gagah bergaya muda serta interior yang modern.,2020-04-09 20:19:00,Gatra.com,https://www.gatra.com/detail/news/475050/ekonomi/mobil-mungil-ini-sentuh-rp200-juta,Ekonomi
97,Antisipasi Dampak Wabah PUPR PErcepat Program Padat Karya,Sebagai usaha untuk mengerem pelemahan ekonomi di masyarakat bawah Kementerian Pekerjaan Umum dan Perumahan Rakyat (PUPR) mempercepat realisasi Program Padat Karya Tunai (PKTcash for work) pada tahun 2020 dengan anggaran sebesar Rp 10 triliun yang tersebar di 34 Provinsi.,2020-04-09 20:11:00,Gatra.com,https://www.gatra.com/detail/news/475053/ekonomi/antisipasi-dampak-wabah-pupr-percepat-program-padat-karya,Ekonomi
98,Bos LPS Cerita Bank Kecil Sempat Tertekan karena Covid-19,Ketua Lembaga Penjamin Simpanan (LPS) Halim Alamsyah mengatakan pada Maret 2020 bankbank kecil yang masuk ke dalam bank umum kegiatan usaha (BUKU) I dengan modal inti di bawah Rp1 triliun mengalami tekanan. Imbas semakin meluasnya wabah virus Corona baru atau Covid19 di Indonesia.,2020-04-09 16:38:00,Gatra.com,https://www.gatra.com/detail/news/475006/ekonomi/bos-lps-cerita-bank-kecil-sempat-tertekan-karena-covid-19,Ekonomi
99,Insiden Terbakarnya Gas EP Cepu PGN Pasok Gas Dari Jatim, Perusahaan Gas Negara (PGN) melalui PT Gagas Energi Indonesia (GAGAS) melakukan langkas strategis terkait insiden terbakarnya fasilitas Thermal Oxidizer (TOX) Central Processing Plant (CPP) Gundih Blora Jawa Tengah yang dioperasikan Pertamina EP Kamis (94).,2020-04-09 20:21:00,Gatra.com,https://www.gatra.com/detail/news/475054/ekonomi/insiden-terbakarnya-gas-ep-cepu-pgn-pasok-gas-dari-jatim,Ekonomi
100,Tak Ada Wisman Datang ke Bali Transaksi Valas Anjlok ,Transaksi Valutasi Asing (Valas) bukan Bank di Bali mengalami penurunan hingga 15% sepanjang bulan Ferbruari 2020. Penurunan ini dampak dari menurunnya jumlah kunjungan wisatawan asing (Wiswan) di Pulau Dewata akibat pandemi Coronavirus. ,2020-04-09 16:46:00,Gatra.com,https://www.gatra.com/detail/news/474998/ekonomi/tak-ada-wisman-datang-ke-bali-transaksi-valas-anjlok-,Ekonomi
101,SIG Bentuk Perusahaan Patungan dengan BUMDes di Rembang, PT Semen Indonesia (Persero) Tbk (SIG) memprakarsai berdirinya perusahaan patungan antara Semen Gresik (SG) dan 6 (enam) PT BUMDes.Perjanjian kerjasama pendirian perusahaan patungan ditandatangani oleh Direktur Utama Semen Gresik Muhammad Saifudin dengan masingmasing Direktur Utama PT BUMDes di Rembang pada hari Kamis (94).,2020-04-09 17:40:00,Gatra.com,https://www.gatra.com/detail/news/475028/ekonomi/sig-bentuk-perusahaan-patungan-dengan-bumdes-di-rembang,Ekonomi
102,LPS Siap Gadaikan Aset ke BI untuk Tangani Bank Bermasalah,Lembaga Penjamin Simpanan (LPS) siap menggadaikan atau merepo setengah asetnya yakni sekitar Rp60 triliun ke Bank Indonesia (BI) untuk menangani bank bermasah. Langkah ini dilakukan karena sebagai bank sentral BI tidak bisa secara langsung melakukan pembiayaan terhadap bank gagal.,2020-04-09 17:45:00,Gatra.com,https://www.gatra.com/detail/news/475016/ekonomi/lps-siap-gadaikan-aset-ke-bi-untuk-tangani-bank-bermasalah,Ekonomi
103,Pertumbuhan Ekonomi Kuartal I 47% Kuartal II Anjlok 11%,Bank Indonesia (BI) memperkirakan pertumbuhan ekonomi Indonesia pada kuartal I 2020 akan berada di angka 47 persen. Sedangkan di kuartal selanjutnya akan mengalami penurunan drastis ke angka 11 persen karena wabah virus Corona baru atau Covid19 yang telah menyerang Indonesia.,2020-04-09 18:04:00,Gatra.com,https://www.gatra.com/detail/news/475030/ekonomi/pertumbuhan-ekonomi-kuartal-i-47-kuartal-ii-anjlok-11,Ekonomi
104,Minim Pasokan Harga Bawang Merah Melambung Tinggi, Harga bawang merah di pasar tradisional di Kabupaten Cilacap Jawa Tengah melonjak tinggi menyusul minimnya pasokan akibat cuaca buruk di sentra penghasil bawang merah Brebes.,2020-04-09 18:11:00,Gatra.com,https://www.gatra.com/detail/news/475021/ekonomi/minim-pasokan-harga-bawang-merah-melambung-tinggi,Ekonomi
105,Imbas Corona 66.906 Warga KBB Kehilangan Pekerjaan,"
",2020-04-09 18:27:00,Gatra.com,https://www.gatra.com/detail/news/475031/ekonomi/imbas-corona-66906-warga-kbb-kehilangan-pekerjaan,Ekonomi
106,Usai Anjlok Harga Daging Ayam di Cilacap Berangsur Normal, Harga daging ayam di Pasar Induk Majenang Cilacap Jawa Tengah berangsur naik setelah sempat hancur akibat berlebihnya stok pada sepekan terakhir Kamis (94).,2020-04-09 18:55:00,Gatra.com,https://www.gatra.com/detail/news/475022/ekonomi/usai-anjlok-harga-daging-ayam-di-cilacap-berangsur-normal,Ekonomi
107,Stok Gula Diprediksi Menipis Bulog Terhambat untuk Impor,Direktur Utama Perum Bulog Budi Waseso mengkhawatirkan persediaan bahan pokok seperti gula pasir akan minim selama lebaran 2020. Hal ini selaras dengan pendapat Komisioner Komisi Pengawas Persaingan Usaha (KPPU) Guntur Saragih yang menyebutkan pemerintah menggunakan estimasi stok tahun 2019 untuk memenuhi kuota periode JanuariFebruari 2020.,2020-04-09 14:29:00,Gatra.com,https://www.gatra.com/detail/news/474980/ekonomi/stok-gula-diprediksi-menipis-bulog-terhambat-untuk-impor,Ekonomi
108,Bank DKI Ajak Warga Berdonasi Melalui Bank DKI Peduli,Dalam rangka penanganan penyebaran Covid19 Bank DKI mengajak seluruh masyarakat khususnya warga DKI Jakarta untuk berpartisipasi dengan menyalurkan bantuan melalui program Bank DKI Peduli #BersamaLawanCovid19. Bantuan dapat disalurkan melalui mekanisme transfer antarbank transfer antarrekening QR Code JakOne Mobile dan QRIS. Demikian disampaikan Sekretaris Perusahaan Bank DKI Herry Djufraini dalam keterangan tertulisnya di Jakarta (084).,2020-04-09 09:25:00,Gatra.com,https://www.gatra.com/detail/news/474960/ekonomi/bank-dki-ajak-warga-berdonasi-melalui-bank-dki-peduli,Ekonomi
109,Bulog Targetkan Penyerapan Gabah 14 Juta Ton ,Untuk mengantisipasi meningkatnya kebutuhan beras menjelang lebaran Perum Bulog menyasar pengadaan Cadangan Beras Pemerintah (CBP) sebesar 950 ribu ton pada 2020. Menanggapi hal tersebut anggota Komisi IV DPR RI Sutrisno meminta Bulog agar memperhitungkan stok karena jumlah kelompok miskin semakin meningkat akibat wabah Covid19.,2020-04-09 15:34:00,Gatra.com,https://www.gatra.com/detail/news/474994/ekonomi/bulog-targetkan-penyerapan-gabah-14-juta-ton-,Ekonomi
110,Buruan Daftar Kuota Kartu Pra Kerja di Karanganyar Terbatas,"
",2020-04-09 15:35:00,Gatra.com,https://www.gatra.com/detail/news/474993/ekonomi/buruan-daftar-kuota-kartu-pra-kerja-di-karanganyar-terbatas,Ekonomi
111,Imbas Corona Harga Daging Ayam di Karanganyar Terjun Bebas,"
",2020-04-09 15:44:00,Gatra.com,https://www.gatra.com/detail/news/474987/ekonomi/imbas-corona-harga-daging-ayam-di-karanganyar-terjun-bebas,Ekonomi
112,Daihatsu Stop Produksi Sementara,PT Astra Daihatsu Motor memberhentikan produksi sementara mulai dari 10 April 2020 sampai 17 April 2020 sebagai bagian dari dukungan terhadap peraturan pemerintah tentang Pembatasan Sosial Berskala Besar (PSBB). Keputusan pembukaan kembali pabrik Daihatsu akan ditetapkan menyesuaikan kondisi di lapangan untuk tetap memenuhi kebutuhan pelanggan terutama ekspor.,2020-04-09 20:45:00,Gatra.com,https://www.gatra.com/detail/news/475059/ekonomi/daihatsu-stop-produksi-sementara,Ekonomi
113,Arif Adi Ditolak Daftar KPK di Karanganyar Ini Sebabnya   ,Layanan pendaftaran kartu pra kerja (KPK) di kantor Dinas Perdagangan Tenaga Kerja Koperasi dan UKM Karanganyar mulai ramai didatangai para korban PHK. Sayangnya sebagian terpaksa kembali karena tak memenuhi syarat.,2020-04-09 16:15:00,Gatra.com,https://www.gatra.com/detail/news/475002/ekonomi/arif-adi-ditolak-daftar-kpk-di-karanganyar-ini-sebabnya---,Ekonomi
114,KPPU Lakukan Pengawasan Terhadap Lonjakan Harga Gula,Ditengah pandemi Covid19 Komisi Pengawas Persaingan Usaha (KPPU) melakukan pengawasan atas persaingan oleh pelaku usaha. Khususnya untuk komoditas bahan pokok yang meliputi gula beras daging sapi dan ayam telur dan sebagainya. ,2020-04-08 22:38:00,Gatra.com,https://www.gatra.com/detail/news/474921/ekonomi/kppu-lakukan-pengawasan-terhadap-lonjakan-harga-gula,Ekonomi
115,Dukung WFH Smartfren Business Luncurkan Smartfren CloudTalk, Smartfren Business meluncurkan Smartfren CloudTalk sistem telepon bisnis komprehensif di cloud yang dirancang untuk menyediakan semua fitur profesional konvensional. Sistem PABX dapat diakses dari berbagai perangkat termasuk ponsel tablet desktop dan telepon SIP sehingga memudahkan karyawan yang melakukan pekerjaan dari rumah atau Work From Home (WFH). ,2020-04-09 17:25:00,Gatra.com,https://www.gatra.com/detail/news/475014/ekonomi/dukung-wfh-smartfren-business-luncurkan-smartfren-cloudtalk,Ekonomi
116,Wabah Covid-19 Meluas Kondisi Perbankan Indonesia Waspada,Lembaga Penjamin Simpanan (LPS) telah menaikkan indikator kondisi perbankan nasional dari normal menjadi waspada. ,2020-04-09 15:56:00,Gatra.com,https://www.gatra.com/detail/news/474995/ekonomi/wabah-covid-19-meluas-kondisi-perbankan-indonesia-waspada,Ekonomi
117,Gegara Corona Harga Ayam dan Telur di Kota Semarang Anjlok,"
",2020-04-10 15:05:00,Gatra.com,https://www.gatra.com/detail/news/475114/ekonomi/gegara-corona-harga-ayam-dan-telur-di-kota-semarang-anjlok,Ekonomi
118,Investree Peminjaman Cenderung Meningkat kala Wabah Corona, CEO Investree Adrian Gunadi mengatakan tren peminjaman dana melalui ,2020-04-08 23:15:00,Gatra.com,https://www.gatra.com/detail/news/474929/ekonomi/investree-peminjaman-cenderung-meningkat-kala-wabah-corona,Ekonomi
119,Sepi Tamu Ratusan Hotel di Mataram Rumahkan Karyawannya,Merebaknya penyebaran virus corona saat ini melumpuhkan sendisendi perekonomian masyarakat. Di Kota Mataram Nusa Tenggara Barat misalnya dampak corona mengakibatkan tidak kurang dari belasan ribu karyawan yang tercatat bekerja di 120 hotel bintang maupun nonbintang yang ada telah dirumahkan akibat sepinya penginapan sebagai dampak wabah corona virus disease (COVID19).,2020-04-09 00:01:00,Gatra.com,https://www.gatra.com/detail/news/474933/ekonomi/sepi-tamu-ratusan-hotel-di-mataram-rumahkan-karyawannya,Ekonomi
120,Polres Kebumen Berbagi Sembako pada Pekerja Jalanan ,Pandemi Virus Corona (Covid19) tidak dimungkiri membuat pendapatan para pekerja jalanan seperti tukang ojek dan becak menurun drastis. Itu setelah pemerintah menerapkan imbauan ,2020-04-09 09:13:00,Gatra.com,https://www.gatra.com/detail/news/474958/ekonomi/polres-kebumen-berbagi-sembako-pada-pekerja-jalanan-,Ekonomi
121,Investree Bahas 'Reschedule' Pembayaran Terdampak Corona, CEO Investree Adrian Gunadi mengatakan pihaknya tengah membahas beberapa permohonan rektsrukturisasi atau penjadwalan ulang ,2020-04-08 23:28:00,Gatra.com,https://www.gatra.com/detail/news/474937/ekonomi/investree-bahas-reschedule-pembayaran-terdampak-corona,Ekonomi
122,DPRD Cilacap Dorong BUMDes Cadangkan Beras di Pandemi Corona, Dewan Perwakilan Rakyat Daerah (DPRD) Cilacap Jawa Tengah mendorong Badan Usaha Milik Desa (BUMDes) menyerap gabah pada musim panen kali ini untuk cadangan pangan di desanya pada masa pandemi Covid19.,2020-04-09 09:19:00,Gatra.com,https://www.gatra.com/detail/news/474956/ekonomi/dprd-cilacap-dorong-bumdes-cadangkan-beras-di-pandemi-corona,Ekonomi
123,Kemenperin Keluarkan Surat Edaran Aturan Kegiatan Pabrik,"
",2020-04-08 18:12:00,Gatra.com,https://www.gatra.com/detail/news/474895/ekonomi/kemenperin-keluarkan-surat-edaran-aturan-kegiatan-pabrik,Ekonomi
124,Awal  2020 Penumpang Bandara I Gusti Ngurah Rai Merosot,Bandar Udara Internasional I Gusti Ngurah Rai mencatat telah melayani sebanyak 34.597 ribu pergerakan pesawat udara serta 4.667.306 juta penumpang selama periode bulan Januari hingga Maret 2020.,2020-04-09 04:56:00,Gatra.com,https://www.gatra.com/detail/news/474948/ekonomi/awal--2020-penumpang-bandara-i-gusti-ngurah-rai-merosot,Ekonomi
125,Menko Airlangga Pemerintah Bebaskan Bunga 6 Bulan untuk KUR,Meningkatnya eskalasi penyebaran Covid19 di seluruh Indonesia telah mengakibatkan menurunnya aktivitas ekonomi dan kegiatan usaha khususnya usaha mikro kecil dan menengah (UMKM). ,2020-04-09 08:47:00,Gatra.com,https://www.gatra.com/detail/news/474947/ekonomi/menko-airlangga-pemerintah-bebaskan-bunga-6-bulan-untuk-kur,Ekonomi
126,Besaran Anggaran COVID-19 di KBB Ditambah Segini Jumlahnya,"
",2020-04-08 18:19:00,Gatra.com,https://www.gatra.com/detail/news/474894/ekonomi/besaran-anggaran-covid-19-di-kbb-ditambah-segini-jumlahnya,Ekonomi
127,THR dan Gaji Ke-13 Pemkot Solo Tunggu Instruksi Pusat, Pemerntah Kota (Pemkot) Solo belum memastikan apakah akan menganulir kebijakan pemberian Tunjangan Hari Raya (THR) dan gaji ke13 atau tidak. Pasalnya hingga kini belum ada petunjuk teknis (juknis) berasal dari pemerintah pusat.,2020-04-08 18:37:00,Gatra.com,https://www.gatra.com/detail/news/474900/ekonomi/thr-dan-gaji-ke-13-pemkot-solo-tunggu-instruksi-pusat,Ekonomi
128,MTI Minta Pemerintah Beri Kompensasi Pengusaha Angkutan Umum, Masyarakat Transportasi Indonesia (MTI) meminta pemerintah memberikan kompensasi untuk bagi pengusaha dan sopir transportasi umum yang terkena dampak pandemi Virus Corona atau Covid19.,2020-04-08 18:31:00,Gatra.com,https://www.gatra.com/detail/news/474899/ekonomi/mti-minta-pemerintah-beri-kompensasi-pengusaha-angkutan-umum,Ekonomi
129,SPSI Minta Pemko Batam Awasi SE Mentri Terkait PHK Buruh, Wakil Ketua Umum  DPP FSP Federasi Sarikat Pekerja Indonesia (SPSI) Syaiful Badri Sofyan meminta Pemerintah Kota Batam harus pro aktif untuk mengawasi perusahaan jangan sampai ada pengusaha yang memanfaatkan situasi ditengah merebaknya Virus Corona (Covid19) untuk mengurangi karyawan secara sepihak. ,2020-04-08 18:32:00,Gatra.com,https://www.gatra.com/detail/news/474881/ekonomi/spsi-minta-pemko-batam-awasi-se-mentri-terkait-phk-buruh,Ekonomi
130,Ganjar Minta  24.240 Buruh Kena PHK Daftar Kartu Prakerja,Sebanyak 24.240 orang buruh dari ratusan perusahaan di Jawa Tengah terkena pemutusan hubungan kerja (PHK) dan dirumahkan. Hal ini karena perusahaan tempat kerja mereka terkena dampak dari pandemi Virus Corona atau Covid19 sehingga melakukan pengurangan tenaga kerja.,2020-04-08 18:51:00,Gatra.com,https://www.gatra.com/detail/news/474901/ekonomi/ganjar-minta--24240-buruh-kena-phk-daftar-kartu-prakerja,Ekonomi
131,KPPU Stok Gula dan Bawang Putih Pemerintah Sudah Estimasi,Menghadapi bulan Ramadan yang jatuh pada April 2020 Komisi Pengawas Persaingan Usaha memprediksi stok gula dan bawang putih akan mencukupi. Komisioner KPPU Guntur Saragih menyebutkan pemerintah tentunya memiliki estimasi stok pada tahun 2019.,2020-04-08 18:46:00,Gatra.com,https://www.gatra.com/detail/news/474903/ekonomi/kppu-stok-gula-dan-bawang-putih-pemerintah-sudah-estimasi,Ekonomi
132,Korban PHK di Jatim akan Mendapat Rp600 Ribu per Bulan,Wabah Coronavirus Disease (Covid)19 di Jawa Timur berimbas pada pemutusan hubungan kerja (PHK) dan pegawai yang dirumahkan. Pemerintah Provinsi (Pemprov) Jawa Timur membantu para korban PHK yakni memberikan uang tunai sebesar Rp600 ribu per bulan.,2020-04-09 00:02:00,Gatra.com,https://www.gatra.com/detail/news/474939/ekonomi/korban-phk-di-jatim-akan-mendapat-rp600-ribu-per-bulan,Ekonomi
133,Penetapan Harga Gas Industri Efek Subsidi,Keputusan Menteri Energi dan Sumber Daya Mineral (ESDM) Arifin Tasrif untuk tetap menjalankan kebijakan harga gas industri USD6 per MMBTU di plant gate menuai kontroversi. Apalagi kebijakan yang mulai berlaku 1 April 2020 ini dilakukan saat perekonomian Indonesia terancam kolaps akibat pandemi virus virus corona (Covid19).,2020-04-08 18:57:00,Gatra.com,https://www.gatra.com/detail/news/474904/ekonomi/penetapan-harga-gas-industri-efek-subsidi,Ekonomi
134,Di Tengah Pandemi Covid-19 Inflasi Jateng Masih Terkendali , ,2020-04-09 10:49:00,Gatra.com,https://www.gatra.com/detail/news/474964/ekonomi/di-tengah-pandemi-covid-19-inflasi-jateng-masih-terkendali-,Ekonomi
135,Corona Proyek Dinas PUPR Batanghari Senilai Rp41 M Terhenti, Dinas PUPR Batanghari paling merasakan dampak wabah Covid19. Sebanyak 12 proyek yang bersumber dari Dana Alokasi Khusus (DAK) fisik 2020 dihentikan.,2020-04-08 22:13:00,Gatra.com,https://www.gatra.com/detail/news/474928/ekonomi/corona-proyek-dinas-pupr-batanghari-senilai-rp41-m-terhenti,Ekonomi
136,Lawan Corona Dunia Usaha Riau Sanggup Bertahan Hingga Juni, Wabah Coronavirus disease (Covid19) telah meluluhlantakan Ekonomi di Indonesia. Belum ada yang tahu kapan pandemi virus Corona ini akan berhenti.,2020-04-08 15:10:00,Gatra.com,https://www.gatra.com/detail/news/474861/ekonomi/lawan-corona-dunia-usaha-riau-sanggup-bertahan-hingga-juni,Ekonomi
137,Pertumbuhan Lambat Pemprov Jateng Dorong UMKM Go Digital,Masih banyak pelaku UMKM di Jawa Tengah yang belum memanfaatkan internet untuk memasarkan produknya. Hal itu dikarenakan masih banyak pelaku UMKM yang belum melek teknologi.,2020-04-08 17:45:00,Gatra.com,https://www.gatra.com/detail/news/474887/ekonomi/pertumbuhan-lambat-pemprov-jateng-dorong-umkm-go-digital,Ekonomi
138,200 Ton Gula dari Lampung Sampai di Jambi, Mahalnya harga gula pasir di Provinsi Jambi mulai membuat masyarakat resah. Namun saat ini 200 ton gula pasir dari Lampung telah masuk ke Jambi dan berada di gudang Bulog Provinsi Jambi.,2020-04-08 16:58:00,Gatra.com,https://www.gatra.com/detail/news/474875/ekonomi/200-ton-gula-dari-lampung-sampai-di-jambi,Ekonomi
139,Kunjungan Bus di Terminal Mangkang Anjlok 90 Persen,Sejak menyebarnya Virus Corona atau Covid19 membuat aktifitas di Terminal Mangkang salah satu terminal terbesar di Kota Semarang seolah mati. Tak ada lagi bunyi deru bus yang biasa lalu lalang. Lajur penyeberangan penumpang pun semakin sunyi.,2020-04-08 17:47:00,Gatra.com,https://www.gatra.com/detail/news/474879/ekonomi/-kunjungan-bus-di-terminal-mangkang-anjlok-90-persen,Ekonomi
140,Covid-19 Pemerintah Sesuaikan Ketentuan Lelang Migas,Pandemi Covid19 berdampak pada rencana penawaran Wilayah Kerja Minyak dan Gas Bumi (WK Migas). Seluruh stakeholder melakukan Work From Home (WFH) dan social distancing sehingga pengumuman penawaran WK akan dijadwalkan ulang.,2020-04-08 15:31:00,Gatra.com,https://www.gatra.com/detail/news/474864/ekonomi/covid-19-pemerintah-sesuaikan-ketentuan-lelang-migas,Ekonomi
141,Pandemi Covid-19 Kemendikbud Buka Penerima KIP-Kuliah,"
",2020-04-08 16:00:00,Gatra.com,https://www.gatra.com/detail/news/474858/ekonomi/pandemi-covid-19-kemendikbud-buka-penerima-kip-kuliah,Ekonomi
142,Listrik Pascabencana di Tanah Datar Sudah Pulih,  Banjir bandang dan longsor di kawasan Jorong Guguak Malalo Kecamatan Batipuh Selatan Kabupaten Tanah Datar Sumatra Barat (Sumbar) pada akhir pekan lalu sempat memutuskan aliran listrik ke sekitar lokasi terdampak banjir itu. Kini pasokan listrik sudah dinyatakan aman.,2020-04-08 16:05:00,Gatra.com,https://www.gatra.com/detail/news/474865/ekonomi/listrik-pascabencana-di-tanah-datar-sudah-pulih,Ekonomi
143,LPS Tegaskan Tak Ada Penarikan Uang Besar-besaran dari ATM,Ketua Lembaga Penjamin Simpanan (LPS) Halim Alamsyah menegaskan saat ini belum ada tandatanda masyarakat melakukan penarikan uang besarbesaran dari mesin ATM hingga membuat likuiditas perbankan menjadi terancam mengalami penurunan.,2020-04-09 16:03:00,Gatra.com,https://www.gatra.com/detail/news/474997/ekonomi/lps-tegaskan-tak-ada-penarikan-uang-besar-besaran-dari-atm,Ekonomi
144,Corona Menerjang Investasi di Riau Seret, Gelontoran investasi yang masuk ke Riau pada triwulan I mengalami penurunan. Demikian dikatakan Pelaksana Tugas (Plt) Dinas Penanaman Modal Satu Pintu (DPMSP) Provinsi Riau Elly Wardani.,2020-04-08 17:02:00,Gatra.com,https://www.gatra.com/detail/news/474876/ekonomi/corona-menerjang-investasi-di-riau-seret,Ekonomi
145,Kampung Lockdown Dikirimi Paket Sembako Oleh Pabrik Jamu, Karantina mandiri yang dilakukan oleh masyarakat Gunungwuled Kecamatan Rembang Purbalingga untuk mencegah penularan Covid19 keluar dari kampung itu menuai simpati banyak pihak. Kali ini sebuah perusahaan jamu mengirimkan sembako untuk dibagikan kepada warga.,2020-04-08 17:58:00,Gatra.com,https://www.gatra.com/detail/news/474880/ekonomi/kampung-lockdown-dikirimi-paket-sembako-oleh-pabrik-jamu,Ekonomi
146,Pemerintah Belum Temukan Format Tepat Bantu Wirausaha,"
",2020-04-11 13:58:00,Gatra.com,https://www.gatra.com/detail/news/475172/ekonomi/pemerintah-belum-temukan-format-tepat-bantu-wirausaha,Ekonomi
